{
  "accuracy": 0.42899647887323944,
  "precision": 0.46341607283843844,
  "recall": 0.7125148254028028,
  "f1": 0.47909297827738284
}