{
  "accuracy": 0.9848447027778768,
  "precision": 0.9784088177429819,
  "recall": 0.9805564982048521,
  "f1": 0.9792543474041135
}