{
  "accuracy": [
    0.9557772727272728,
    0.9614090909090909,
    0.9523954545454546,
    0.9459318181818182,
    0.9598909090909091,
    0.9491090909090909,
    0.95365,
    0.9622090909090909,
    0.95465,
    0.9620409090909091,
    0.9430454545454545,
    0.9377590909090909,
    0.93735,
    0.9584727272727273,
    0.9467590909090909,
    0.9435181818181818,
    0.9553272727272727,
    0.9372,
    0.9198454545454545,
    0.96415
  ],
  "precision": [
    0.9576750946912931,
    0.9405692364374243,
    0.9185148822570497,
    0.9064356036926384,
    0.9395480307298553,
    0.9505490160123478,
    0.9200445856693813,
    0.9403088866958058,
    0.9218954635594366,
    0.9418336238330447,
    0.9011697512263919,
    0.9504087472783118,
    0.9488803973565298,
    0.9286364481922724,
    0.9564972447219091,
    0.9542534986728358,
    0.9236230721985352,
    0.9511664942776766,
    0.9435059911929159,
    0.9487275351326309
  ],
  "recall": [
    0.9099797688820165,
    0.9463669941587101,
    0.9482031644550433,
    0.9458167235971223,
    0.9424968713468178,
    0.8966936993504867,
    0.9504428335204187,
    0.9495276847288491,
    0.951004534930336,
    0.9468309359400084,
    0.9451713476554711,
    0.8644655574727425,
    0.8644254805086149,
    0.9540141157746785,
    0.885118630548616,
    0.8777201109048597,
    0.9505226104306209,
    0.8623800811078919,
    0.8201604457635305,
    0.9450688792951574
  ],
  "f1": [
    0.9312498365315407,
    0.9434275370337845,
    0.9322062459171248,
    0.9240018302082016,
    0.9410119355539474,
    0.9202720623621161,
    0.9340403597219626,
    0.9448154527850452,
    0.935353885402009,
    0.9443022541336772,
    0.9204608047272331,
    0.8989170453395579,
    0.8983902143373261,
    0.940511282964845,
    0.9150284638361526,
    0.9093021713322285,
    0.9361431779136489,
    0.8976987660118015,
    0.8638770320324574,
    0.94688248417979
  ]
}