{
  "0": {
    "precision": 0.957680259567052,
    "recall": 0.9910003421261692,
    "f1-score": 0.9740554342807963,
    "support": 172451.0
  },
  "1": {
    "precision": 0.9626465137548437,
    "recall": 0.8411743674945845,
    "f1-score": 0.8978203775617859,
    "support": 47549.0
  },
  "accuracy": 0.9586181818181818,
  "macro avg": {
    "precision": 0.9601633866609478,
    "recall": 0.9160873548103768,
    "f1-score": 0.9359379059212911,
    "support": 220000.0
  },
  "weighted avg": {
    "precision": 0.9587536251142126,
    "recall": 0.9586181818181818,
    "f1-score": 0.9575786128629227,
    "support": 220000.0
  }
}