{
  "0": {
    "precision": 0.9780818895443355,
    "recall": 0.9768397979715977,
    "f1-score": 0.9774604491663355,
    "support": 172451.0
  },
  "1": {
    "precision": 0.916387539775582,
    "recall": 0.9206082146837998,
    "f1-score": 0.9184930285258663,
    "support": 47549.0
  },
  "accuracy": 0.9646863636363636,
  "macro avg": {
    "precision": 0.9472347146599587,
    "recall": 0.9487240063276987,
    "f1-score": 0.9479767388461009,
    "support": 220000.0
  },
  "weighted avg": {
    "precision": 0.9647477775572697,
    "recall": 0.9646863636363636,
    "f1-score": 0.9647157133298188,
    "support": 220000.0
  }
}