{
  "0": {
    "precision": 0.9773723938570625,
    "recall": 0.9783358751181495,
    "f1-score": 0.9778538971576947,
    "support": 172451.0
  },
  "1": {
    "precision": 0.9211464995039996,
    "recall": 0.917853162001304,
    "f1-score": 0.9194968818472948,
    "support": 47549.0
  },
  "accuracy": 0.9652636363636363,
  "macro avg": {
    "precision": 0.9492594466805311,
    "recall": 0.9480945185597267,
    "f1-score": 0.9486753895024947,
    "support": 220000.0
  },
  "weighted avg": {
    "precision": 0.9652201890816362,
    "recall": 0.9652636363636363,
    "f1-score": 0.9652410893349938,
    "support": 220000.0
  }
}