{
  "0": {
    "precision": 0.9612248012071684,
    "recall": 0.9862627644954219,
    "f1-score": 0.9735828319891011,
    "support": 172451.0
  },
  "1": {
    "precision": 0.9449799103513946,
    "recall": 0.855706744621338,
    "f1-score": 0.8981303666423858,
    "support": 47549.0
  },
  "accuracy": 0.9580454545454545,
  "macro avg": {
    "precision": 0.9531023557792815,
    "recall": 0.92098475455838,
    "f1-score": 0.9358565993157435,
    "support": 220000.0
  },
  "weighted avg": {
    "precision": 0.9577137634103449,
    "recall": 0.9580454545454545,
    "f1-score": 0.9572751534674149,
    "support": 220000.0
  }
}