{
  "0": {
    "precision": 0.9564715959668344,
    "recall": 0.9906814109515166,
    "f1-score": 0.9732759848463269,
    "support": 172451.0
  },
  "1": {
    "precision": 0.9611657523984437,
    "recall": 0.8364844686533891,
    "f1-score": 0.8945012931519173,
    "support": 47549.0
  },
  "accuracy": 0.9573545454545455,
  "macro avg": {
    "precision": 0.958818674182639,
    "recall": 0.9135829398024529,
    "f1-score": 0.9338886389991221,
    "support": 220000.0
  },
  "weighted avg": {
    "precision": 0.957486152531228,
    "recall": 0.9573545454545455,
    "f1-score": 0.956250267503702,
    "support": 220000.0
  }
}