{
  "0": {
    "precision": 0.9541059512460847,
    "recall": 0.9943230201532784,
    "f1-score": 0.9737994301202307,
    "support": 14092.0
  },
  "1": {
    "precision": 0.9786780383795309,
    "recall": 0.844914864242982,
    "f1-score": 0.9068905902692023,
    "support": 4346.0
  },
  "accuracy": 0.9591061937303396,
  "macro avg": {
    "precision": 0.9663919948128078,
    "recall": 0.9196189421981302,
    "f1-score": 0.9403450101947165,
    "support": 18438.0
  },
  "weighted avg": {
    "precision": 0.9598978099445311,
    "recall": 0.9591061937303396,
    "f1-score": 0.9580284236123355,
    "support": 18438.0
  }
}