{
  "0": {
    "precision": 0.9746530727839139,
    "recall": 0.9768663071246098,
    "f1-score": 0.9757584349305358,
    "support": 14092.0
  },
  "1": {
    "precision": 0.9244320815948076,
    "recall": 0.9176254026691211,
    "f1-score": 0.9210161662817552,
    "support": 4346.0
  },
  "accuracy": 0.9629027009437032,
  "macro avg": {
    "precision": 0.9495425771893607,
    "recall": 0.9472458548968654,
    "f1-score": 0.9483873006061455,
    "support": 18438.0
  },
  "weighted avg": {
    "precision": 0.9628155400955607,
    "recall": 0.9629027009437032,
    "f1-score": 0.9628551970767772,
    "support": 18438.0
  }
}