{
  "accuracy": 0.9859471412775974,
  "precision": 0.9805152403148822,
  "recall": 0.9816706798917408,
  "f1": 0.980911969458064
}