{
  "accuracy": 0.9859079462037186,
  "precision": 0.9805491609745703,
  "recall": 0.982423656723017,
  "f1": 0.9813617651703596
}