{
  "accuracy": 0.9861779060240106,
  "precision": 0.9805301288966833,
  "recall": 0.9819938186910763,
  "f1": 0.9811995057422565
}