{
  "accuracy": 0.9855305466237942,
  "precision": 0.980628370594719,
  "recall": 0.9813786871609579,
  "f1": 0.980910529198718
}