{
  "0": {
    "precision": 0.9574149659863945,
    "recall": 0.9947695787390444,
    "f1-score": 0.9757348863006101,
    "support": 14148.0
  },
  "1": {
    "precision": 0.9801980198019802,
    "recall": 0.8540452319888086,
    "f1-score": 0.9127834537752305,
    "support": 4289.0
  },
  "accuracy": 0.9620328686879644,
  "macro avg": {
    "precision": 0.9688064928941873,
    "recall": 0.9244074053639264,
    "f1-score": 0.9442591700379204,
    "support": 18437.0
  },
  "weighted avg": {
    "precision": 0.9627149886481641,
    "recall": 0.9620328686879644,
    "f1-score": 0.9610904921962898,
    "support": 18437.0
  }
}