{
  "0": {
    "precision": 0.9520487639688452,
    "recall": 0.9935679954763924,
    "f1-score": 0.972365371978003,
    "support": 14148.0
  },
  "1": {
    "precision": 0.9752178649237473,
    "recall": 0.8349265563068314,
    "f1-score": 0.8996357241552568,
    "support": 4289.0
  },
  "accuracy": 0.9566632315452622,
  "macro avg": {
    "precision": 0.9636333144462963,
    "recall": 0.9142472758916119,
    "f1-score": 0.9360005480666299,
    "support": 18437.0
  },
  "weighted avg": {
    "precision": 0.9574385927910818,
    "recall": 0.9566632315452622,
    "f1-score": 0.9554462712831091,
    "support": 18437.0
  }
}