{
  "accuracy": [
    0.9573545454545455,
    0.9586181818181818,
    0.9580454545454545,
    0.9652636363636363,
    0.9646863636363636
  ],
  "f1": [
    0.9338886389991221,
    0.9359379059212911,
    0.9358565993157435,
    0.9486753895024947,
    0.9479767388461009
  ],
  "precision": [
    0.958818674182639,
    0.9601633866609478,
    0.9531023557792815,
    0.9492594466805311,
    0.9472347146599587
  ],
  "recall": [
    0.9135829398024529,
    0.9160873548103768,
    0.92098475455838,
    0.9480945185597267,
    0.9487240063276987
  ],
  "roc_auc": [
    0.9741968011764228,
    0.9768851330052232,
    0.9776595994891017,
    0.9789458305704586,
    0.9788662364679745
  ],
  "train_loss": [
    0.04264545454545454,
    0.04264545454545454,
    0.041381818181818186,
    0.04195454545454547,
    0.034736363636363676
  ],
  "val_loss": [
    0.04264545454545454,
    0.041381818181818186,
    0.04195454545454547,
    0.034736363636363676,
    0.03531363636363638
  ]
}