{
  "0": {
    "precision": 0.8977952047309893,
    "recall": 0.9977853979139877,
    "f1-score": 0.9451531043816613,
    "support": 13998.0
  },
  "1": {
    "precision": 0.9892023685127134,
    "recall": 0.6410835214446953,
    "f1-score": 0.7779756197781126,
    "support": 4430.0
  },
  "accuracy": 0.9120360321250272,
  "macro avg": {
    "precision": 0.9434987866218514,
    "recall": 0.8194344596793415,
    "f1-score": 0.861564362079887,
    "support": 18428.0
  },
  "weighted avg": {
    "precision": 0.9197690345309153,
    "recall": 0.9120360321250272,
    "f1-score": 0.9049644644427792,
    "support": 18428.0
  }
}