{
  "0": {
    "precision": 0.9518919291474257,
    "recall": 0.9866409487069582,
    "f1-score": 0.9689549935103658,
    "support": 13998.0
  },
  "1": {
    "precision": 0.952283745853534,
    "recall": 0.8424379232505643,
    "f1-score": 0.89399928135106,
    "support": 4430.0
  },
  "accuracy": 0.9519752550466681,
  "macro avg": {
    "precision": 0.9520878375004799,
    "recall": 0.9145394359787613,
    "f1-score": 0.9314771374307129,
    "support": 18428.0
  },
  "weighted avg": {
    "precision": 0.9519861199444769,
    "recall": 0.9519752550466681,
    "f1-score": 0.9509360112623886,
    "support": 18428.0
  }
}