{
  "0": {
    "precision": 0.9740169029824683,
    "recall": 0.9851642529141647,
    "f1-score": 0.9795588648496769,
    "support": 14155.0
  },
  "1": {
    "precision": 0.948905109489051,
    "recall": 0.9129213483146067,
    "f1-score": 0.9305654974946314,
    "support": 4272.0
  },
  "accuracy": 0.9684159114343084,
  "macro avg": {
    "precision": 0.9614610062357597,
    "recall": 0.9490428006143856,
    "f1-score": 0.9550621811721541,
    "support": 18427.0
  },
  "weighted avg": {
    "precision": 0.9681951424243809,
    "recall": 0.9684159114343084,
    "f1-score": 0.9682005501299312,
    "support": 18427.0
  }
}