{
  "0": {
    "precision": 0.9776267346360804,
    "recall": 0.9754856941010244,
    "f1-score": 0.9765550408430284,
    "support": 14155.0
  },
  "1": {
    "precision": 0.919358587032303,
    "recall": 0.9260299625468165,
    "f1-score": 0.9226822157434402,
    "support": 4272.0
  },
  "accuracy": 0.9640201877679492,
  "macro avg": {
    "precision": 0.9484926608341917,
    "recall": 0.9507578283239204,
    "f1-score": 0.9496186282932343,
    "support": 18427.0
  },
  "weighted avg": {
    "precision": 0.9641182130881705,
    "recall": 0.9640201877679492,
    "f1-score": 0.9640655032717774,
    "support": 18427.0
  }
}