{
  "accuracy": 0.701029553859994,
  "precision": 0.5961844816750912,
  "recall": 0.751293415672468,
  "f1": 0.5761520496059418
}