{
  "0": {
    "precision": 0.9758669497523,
    "recall": 0.9822624305456618,
    "f1-score": 0.9790542459528543,
    "support": 14038.0
  },
  "1": {
    "precision": 0.9418767507002801,
    "recall": 0.9220749542961609,
    "f1-score": 0.9318706697459584,
    "support": 4376.0
  },
  "accuracy": 0.9679591615075486,
  "macro avg": {
    "precision": 0.9588718502262901,
    "recall": 0.9521686924209114,
    "f1-score": 0.9554624578494064,
    "support": 18414.0
  },
  "weighted avg": {
    "precision": 0.9677893397245146,
    "recall": 0.9679591615075486,
    "f1-score": 0.9678412922501619,
    "support": 18414.0
  }
}