{
  "0": {
    "precision": 0.9771575415804126,
    "recall": 0.9751389086764496,
    "f1-score": 0.9761471815167397,
    "support": 14038.0
  },
  "1": {
    "precision": 0.9207718501702611,
    "recall": 0.926873857404022,
    "f1-score": 0.9238127775879741,
    "support": 4376.0
  },
  "accuracy": 0.9636689475399153,
  "macro avg": {
    "precision": 0.9489646958753368,
    "recall": 0.9510063830402358,
    "f1-score": 0.9499799795523569,
    "support": 18414.0
  },
  "weighted avg": {
    "precision": 0.9637577487265611,
    "recall": 0.9636689475399153,
    "f1-score": 0.9637101579698581,
    "support": 18414.0
  }
}