{
  "accuracy": 0.9835405671348063,
  "precision": 0.9792104760607943,
  "recall": 0.9797137980483672,
  "f1": 0.9792134632017293
}