{
  "0": {
    "precision": 0.9812683205833989,
    "recall": 0.9739568549531649,
    "f1-score": 0.9775989173403611,
    "support": 14092.0
  },
  "1": {
    "precision": 0.9177498879426266,
    "recall": 0.9398668808813404,
    "f1-score": 0.9286767207166345,
    "support": 4357.0
  },
  "accuracy": 0.9659060111659169,
  "macro avg": {
    "precision": 0.9495091042630127,
    "recall": 0.9569118679172526,
    "f1-score": 0.9531378190284978,
    "support": 18449.0
  },
  "weighted avg": {
    "precision": 0.9662675177747997,
    "recall": 0.9659060111659169,
    "f1-score": 0.9660452282141441,
    "support": 18449.0
  }
}