{
  "0": {
    "precision": 0.9774489578146119,
    "recall": 0.9750212886744252,
    "f1-score": 0.9762336139827348,
    "support": 14092.0
  },
  "1": {
    "precision": 0.9198542805100182,
    "recall": 0.9272435161808584,
    "f1-score": 0.9235341181849355,
    "support": 4357.0
  },
  "accuracy": 0.9637378719713806,
  "macro avg": {
    "precision": 0.9486516191623151,
    "recall": 0.9511324024276417,
    "f1-score": 0.9498838660838351,
    "support": 18449.0
  },
  "weighted avg": {
    "precision": 0.9638471360889838,
    "recall": 0.9637378719713806,
    "f1-score": 0.9637878606524183,
    "support": 18449.0
  }
}