{
  "accuracy": 0.9614727272727273,
  "precision": 0.9377036212303749,
  "recall": 0.9601704761904762,
  "f1": 0.9466824516983857
}