{
  "accuracy": 0.9640818181818182,
  "precision": 0.9396124152205426,
  "recall": 0.9669366666666666,
  "f1": 0.9509116508423422
}