{
  "accuracy": 0.9128545454545455,
  "precision": 0.9052552537019205,
  "recall": 0.9138354761904761,
  "f1": 0.8938062046741496
}