{
  "accuracy": 0.9643727272727273,
  "precision": 0.9460384422544114,
  "recall": 0.9615019841269842,
  "f1": 0.952344783534888
}