{
  "accuracy": 0.9669136363636364,
  "precision": 0.9441143664446034,
  "recall": 0.9656515873015873,
  "f1": 0.9533854633687878
}