{
  "accuracy": 0.9677636363636364,
  "precision": 0.9458066145592127,
  "recall": 0.9664742857142856,
  "f1": 0.9545932533629683
}