{
  "accuracy": 0.9104363636363636,
  "precision": 0.9027738111151012,
  "recall": 0.9124178571428571,
  "f1": 0.8914979078159222
}