{
  "accuracy": 0.9692454545454545,
  "precision": 0.9460978409328877,
  "recall": 0.9690375396825397,
  "f1": 0.9560212960380892
}