{
  "accuracy": 0.9714909090909091,
  "precision": 0.9488889595953464,
  "recall": 0.9725850000000001,
  "f1": 0.9590466355062092
}