{
  "accuracy": 0.9064863636363636,
  "precision": 0.9111113943675685,
  "recall": 0.9058936507936508,
  "f1": 0.8918866251741854
}