{
  "accuracy": 0.7759974397269042,
  "precision": 0.3721848845934778,
  "recall": 0.5943896928146067,
  "f1": 0.41149186693012596
}