{
  "accuracy": 0.9836793128131711,
  "precision": 0.9789034426590335,
  "recall": 0.9794358194617833,
  "f1": 0.9791238082268524
}