{
  "accuracy": 0.6754113296532505,
  "precision": 0.5726462202196382,
  "recall": 0.7970211220480348,
  "f1": 0.5679384175094513
}