{
  "0": {
    "precision": 0.9799099163508973,
    "recall": 0.9756548974943052,
    "f1-score": 0.9777777777777777,
    "support": 14048.0
  },
  "1": {
    "precision": 0.9224841341795105,
    "recall": 0.9354171454837968,
    "f1-score": 0.9289056259271938,
    "support": 4351.0
  },
  "accuracy": 0.9661394641013099,
  "macro avg": {
    "precision": 0.9511970252652039,
    "recall": 0.955536021489051,
    "f1-score": 0.9533417018524858,
    "support": 18399.0
  },
  "weighted avg": {
    "precision": 0.9663298534003183,
    "recall": 0.9661394641013099,
    "f1-score": 0.9662204794081983,
    "support": 18399.0
  }
}