{
  "0": {
    "precision": 0.9769318668761605,
    "recall": 0.9737329157175398,
    "f1-score": 0.9753297682709448,
    "support": 14048.0
  },
  "1": {
    "precision": 0.9160791448715033,
    "recall": 0.925764192139738,
    "f1-score": 0.9208962048468221,
    "support": 4351.0
  },
  "accuracy": 0.9623892602858851,
  "macro avg": {
    "precision": 0.9465055058738319,
    "recall": 0.949748553928639,
    "f1-score": 0.9481129865588834,
    "support": 18399.0
  },
  "weighted avg": {
    "precision": 0.962541400359379,
    "recall": 0.9623892602858851,
    "f1-score": 0.9624573059382985,
    "support": 18399.0
  }
}